Group,Check,Passes,Fails,Pass %
default,login/wrong_password: status is 400/401/403/404/422,1,0,100
default,login/wrong_password: success=false,1,0,100
default,login/wrong_password: never a 5xx (server did not crash),1,0,100
default,login/unknown_email: status is 400/401/404,1,0,100
default,login/unknown_email: success=false,1,0,100
default,login/unknown_email: never a 5xx (server did not crash),1,0,100
default,login/missing_password: status is 400,1,0,100
default,login/missing_password: never a 5xx (server did not crash),1,0,100
default,login/empty_body: status is 400,1,0,100
default,login/empty_body: never a 5xx (server did not crash),1,0,100
default,login/malformed_json: status is 400,1,0,100
default,login/malformed_json: never a 5xx (server did not crash),1,0,100
default,login/sql_injection: status is 400/401,1,0,100
default,login/sql_injection: never a 5xx (server did not crash),1,0,100
default,login/oversized_email: status is 400/413/414,1,0,100
default,login/oversized_email: never a 5xx (server did not crash),1,0,100
default,profile/no_token: status is 401,1,0,100
default,profile/no_token: never a 5xx (server did not crash),1,0,100
default,profile/tampered_token: status is 401,1,0,100
default,profile/tampered_token: never a 5xx (server did not crash),1,0,100
default,logout/no_token: status is 401,1,0,100
default,logout/no_token: never a 5xx (server did not crash),1,0,100
default,refresh/garbage_token: status is 400/401,1,0,100
default,refresh/garbage_token: never a 5xx (server did not crash),1,0,100
default,refresh/missing_field: status is 400,1,0,100
default,refresh/missing_field: never a 5xx (server did not crash),1,0,100
default,login/valid: status is 200/201,3,0,100
default,login/valid: success=true,3,0,100
default,login/valid: has data.user.accessToken,3,0,100
default,login/valid: never a 5xx (server did not crash),3,0,100
default,refresh/valid: status is 200/201,1,0,100
default,refresh/valid: never a 5xx (server did not crash),1,0,100
default,logout/valid: status is 200/201,1,0,100
default,logout/valid: never a 5xx (server did not crash),1,0,100
default,dashboard/counts: status is 200,1,0,100
default,dashboard/counts: has data.dashboard.totalCustomers,1,0,100
default,upload/unauthenticated: status is 401,0,1,0
default,upload/unauthenticated: never a 5xx (server did not crash),1,0,100
default,upload/invalid_type: status is 400/415,0,1,0
default,upload/invalid_type: never a 5xx (server did not crash),1,0,100
default,upload/oversized: status is 400/413,0,1,0
default,upload/oversized: never a 5xx (server did not crash),1,0,100
default,upload/profile: status is 200/201,1,0,100
default,upload/profile: never a 5xx (server did not crash),1,0,100
default,upload/profile: success=true,1,0,100
default,upload/profile: file key returned,1,0,100
default,upload/bg: status is 200/201,1,0,100
default,upload/bg: never a 5xx (server did not crash),1,0,100
default,upload/bg: success=true,1,0,100
default,upload/bg: file key returned,1,0,100
default,upload/email_logo: status is 200/201,1,0,100
default,upload/email_logo: never a 5xx (server did not crash),1,0,100
default,upload/email_logo: success=true,1,0,100
default,upload/email_logo: file key returned,1,0,100
default,upload/favicon: status is 200/201,1,0,100
default,upload/favicon: never a 5xx (server did not crash),1,0,100
default,upload/favicon: success=true,1,0,100
default,upload/favicon: file key returned,1,0,100
default,upload/login_logo: status is 200/201,1,0,100
default,upload/login_logo: never a 5xx (server did not crash),1,0,100
default,upload/login_logo: success=true,1,0,100
default,upload/login_logo: file key returned,1,0,100
default,upload/sidebar_logo: status is 200/201,1,0,100
default,upload/sidebar_logo: never a 5xx (server did not crash),1,0,100
default,upload/sidebar_logo: success=true,1,0,100
default,upload/sidebar_logo: file key returned,1,0,100
default,upload/welcome: status is 200/201,1,0,100
default,upload/welcome: never a 5xx (server did not crash),1,0,100
default,upload/welcome: success=true,1,0,100
default,upload/welcome: file key returned,1,0,100
default,upload/theme_assets: all seven image fields returned keys,1,0,100
default,upload/theme_assets: each image field received a distinct storage key,1,0,100
default,create_customer/negative_empty_payload: status is 400,1,0,100
default,create_customer/negative_empty_payload: never a 5xx (server did not crash),1,0,100
default,create_customer/negative_invalid_types: status is 400,1,0,100
default,create_customer/negative_invalid_types: never a 5xx (server did not crash),1,0,100
default,create_customer/negative_oversized_fields: status is 200/201/400,1,0,100
default,create_customer/negative_oversized_fields: never a 5xx (server did not crash),1,0,100
default,create_customer/negative_injection_strings: status is 200/201/400,1,0,100
default,create_customer/negative_injection_strings: never a 5xx (server did not crash),1,0,100
default,create_customer/negative_unauthenticated_create: status is 401,1,0,100
default,create_customer/negative_unauthenticated_create: never a 5xx (server did not crash),1,0,100
default,create_customer/positive_create_client: status is 200/201,1,0,100
default,create_customer/positive_create_client: never a 5xx (server did not crash),1,0,100
default,client_login/step1: status is 200/201,1,0,100
default,client_login/step1: never a 5xx (server did not crash),1,0,100
default,client_login/step2_force: status is 200/201,1,0,100
default,client_login/step2_force: never a 5xx (server did not crash),1,0,100
default,tenant_admin/sidebar: status is 200,1,0,100
default,tenant_admin/notification_modules: status is 200,1,0,100
default,tenant_admin/key_bundle: status is 200,1,0,100
default,tenant_admin/profile: status is 200,1,0,100
default,tenant_admin/notifications_list: status is 200,1,0,100
default,tenant_admin/home: status is 200,1,0,100
default,tenant_admin/get_posts: status is 200,1,0,100
default,tenant_admin/feed_upload: status is 200/201,1,0,100
default,tenant_admin/create_post: status is 200/201,1,0,100
default,tenant_admin/toggle_like: status is 200/201,1,0,100
default,tenant_admin/add_comment: status is 200/201,1,0,100
default,tenant_admin/get_comments: status is 200,1,0,100
default,tenant_admin/get_categories: status is 200,1,0,100
default,tenant_admin/get_labels: status is 200,1,0,100
default,tenant_admin/get_news: status is 200,2,0,100
default,tenant_admin/run_news_feed: status is 200/201,1,0,100
default,tenant_admin/news_upload: status is 200/201,1,0,100
default,tenant_admin/add_news: status is 200/201,1,0,100
default,tenant_admin/get_news_final: status is 200,1,0,100
default,category/seed: status is 200/201,1,0,100
default,category/seed: never a 5xx (server did not crash),1,0,100
default,category/modules: status is 200,1,0,100
default,category/modules: never a 5xx (server did not crash),1,0,100
default,category/modules: News module id resolved from API,1,0,100
default,category/modules: Events module id resolved from API,1,0,100
default,category/modules: Forum module id resolved from API,1,0,100
default,category/modules: Courses module id resolved from API,1,0,100
default,category/modules: Challenges module id resolved from API,1,0,100
default,category/news: module id is available,2,0,100
default,category/list_news: status is 200,2,0,100
default,category/list_news: never a 5xx (server did not crash),2,0,100
default,category/news/existing: category has module association,1,0,100
default,category/news/existing: category module is News,1,0,100
default,category/news/existing: category module id matches selected module,1,0,100
default,category/create_news: never a 5xx (server did not crash),1,0,100
default,category/news/created: category has module association,1,0,100
default,category/news/created: category module is News,1,0,100
default,category/news/created: category module id matches selected module,1,0,100
default,category/events: module id is available,1,0,100
default,category/list_events: status is 200,1,0,100
default,category/list_events: never a 5xx (server did not crash),1,0,100
default,category/create_events: never a 5xx (server did not crash),1,0,100
default,category/events/created: category has module association,1,0,100
default,category/events/created: category module is Events,1,0,100
default,category/events/created: category module id matches selected module,1,0,100
default,category/forum: module id is available,1,0,100
default,category/list_forum: status is 200,1,0,100
default,category/list_forum: never a 5xx (server did not crash),1,0,100
default,category/create_forum: never a 5xx (server did not crash),1,0,100
default,category/forum/created: category has module association,1,0,100
default,category/forum/created: category module is Forum,1,0,100
default,category/forum/created: category module id matches selected module,1,0,100
default,category/courses: module id is available,1,0,100
default,category/list_courses: status is 200,1,0,100
default,category/list_courses: never a 5xx (server did not crash),1,0,100
default,category/create_courses: never a 5xx (server did not crash),1,0,100
default,category/courses/created: category has module association,1,0,100
default,category/courses/created: category module is Courses,1,0,100
default,category/courses/created: category module id matches selected module,1,0,100
default,category/challenges: module id is available,1,0,100
default,category/list_challenges: status is 200,1,0,100
default,category/list_challenges: never a 5xx (server did not crash),1,0,100
default,category/create_challenges: never a 5xx (server did not crash),1,0,100
default,category/challenges/created: category has module association,1,0,100
default,category/challenges/created: category module is Challenges,1,0,100
default,category/challenges/created: category module id matches selected module,1,0,100
default,category/isolation: News category id resolved,1,0,100
default,category/isolation: News (new create) category id resolved,1,0,100
default,category/isolation: Events category id resolved,1,0,100
default,category/isolation: Forum category id resolved,1,0,100
default,category/isolation: Courses category id resolved,1,0,100
default,category/isolation: Challenges category id resolved,1,0,100
default,reward/providers_list: status is 200,1,0,100
default,reward/providers_list: never a 5xx (server did not crash),1,0,100
default,reward/upload: status is 200/201,1,0,100
default,reward/upload: never a 5xx (server did not crash),1,0,100
default,reward/upload: response contains image key,1,0,100
default,reward/add: status is 201,1,0,100
default,reward/add: never a 5xx (server did not crash),1,0,100
default,reward/add: reward id returned,1,0,100
default,reward/add: provider record created,1,0,100
default,reward/add: stored title matches submitted title,1,0,100
default,reward/add: stored image matches uploaded key,1,0,100
default,reward/list: status is 200,1,0,100
default,reward/list: newly created reward is retrievable,1,0,100
default,category/challenge: valid Challenges category id is available,1,0,100
default,category/challenge_upload: status is 200/201,1,0,100
default,category/challenge_upload: never a 5xx (server did not crash),1,0,100
default,category/challenge_upload: response contains image key,1,0,100
default,category/add_challenge: status is 201,1,0,100
default,category/add_challenge: never a 5xx (server did not crash),1,0,100
default,category/add_challenge: challenge id returned,1,0,100
default,category/add_challenge: category association is correct,1,0,100
default,category/add_challenge: challenge stored the points reward,1,0,100
default,forum: valid Forum category id is available,1,0,100
default,forum/list: status is 200,1,0,100
default,forum/list: never a 5xx (server did not crash),1,0,100
default,forum: forum exists for selected Forum category,1,0,100
default,forum: forum.categoryId matches selected Forum category,1,0,100
default,forum/upload_banner: status is 200/201,1,0,100
default,forum/upload_banner: never a 5xx (server did not crash),1,0,100
default,forum/upload_banner: response contains banner key,1,0,100
default,forum/add_topic: status is 200/201,1,0,100
default,forum/add_topic: never a 5xx (server did not crash),1,0,100
default,forum/add_topic: topic id returned,1,0,100
default,forum/list_topics: status is 200,1,0,100
default,forum/list_topics: never a 5xx (server did not crash),1,0,100
default,event: valid Events category id is available,1,0,100
default,event/upload: status is 200/201,1,0,100
default,event/upload: never a 5xx (server did not crash),1,0,100
default,event/upload: response contains image key,1,0,100
default,event/add_event: status is 201,1,0,100
default,event/add_event: never a 5xx (server did not crash),1,0,100
default,event/add_event: event id returned,1,0,100
default,event/add_event: response event has non-empty image field,1,0,100
default,event/add_event: stored image key matches uploaded key,1,0,100
default,event/list: status is 200,1,0,100
default,event/list: newly created event is retrievable,1,0,100
default,event/list: listed event has a non-empty image field,1,0,100
default,event/list: listed event image matches the uploaded key (no default/broken fallback),1,0,100
default,course: valid Courses category id is available,1,0,100
default,course/upload: status is 200/201,1,0,100
default,course/upload: never a 5xx (server did not crash),1,0,100
default,course/upload: response contains image key,1,0,100
default,course/add_course: status is 201,1,0,100
default,course/add_course: never a 5xx (server did not crash),1,0,100
default,course/add_course: course id returned,1,0,100
default,course/add_course: response course has non-empty imageUrl field,1,0,100
default,course/add_course: stored imageUrl matches uploaded key,1,0,100
default,course/list: status is 200,1,0,100
default,course/list: newly created course is retrievable,1,0,100
default,course/list: listed course has a non-empty imageUrl field,1,0,100
default,course/list: listed course imageUrl matches the uploaded key (no default/broken fallback),1,0,100
default,course_content: valid course id is available,1,0,100
default,course/get_by_id: status is 200,1,0,100
default,course/get_by_id: returns the course just created,1,0,100
default,course_content/list_initial: status is 200,1,0,100
default,course_content/list_initial: courseContent is an array,1,0,100
default,course_content/upload: status is 200/201,1,0,100
default,course_content/upload: never a 5xx (server did not crash),1,0,100
default,course_content/upload: response contains thumbnail key,1,0,100
default,course_content/add: status is 201,1,0,100
default,course_content/add: never a 5xx (server did not crash),1,0,100
default,course_content/add: course content id returned,1,0,100
default,course_content/add: response has non-empty thumbnail field,1,0,100
default,course_content/add: stored thumbnail matches uploaded key,1,0,100
default,course/get_by_id_after_module: status is 200,1,0,100
default,course_content/list_after_add: status is 200,1,0,100
default,course_content/list_after_add: newly created module is retrievable,1,0,100
default,course_lesson/upload: status is 200/201,1,0,100
default,course_lesson/upload: never a 5xx (server did not crash),1,0,100
default,course_lesson/upload: response contains thumbnail key,1,0,100
default,course_lesson/create: status is 201,1,0,100
default,course_lesson/create: never a 5xx (server did not crash),1,0,100
default,course_lesson/create: lesson id returned,1,0,100
default,course_lesson/create: response has non-empty thumbnailUrl field,1,0,100
default,course_lesson/create: stored thumbnailUrl matches uploaded key,1,0,100
default,quiz/create: status is 201,1,0,100
default,quiz/create: never a 5xx (server did not crash),1,0,100
default,quiz/create: quiz id returned,1,0,100
default,quiz_question/create: status is 201,1,0,100
default,quiz_question/create: never a 5xx (server did not crash),1,0,100
default,quiz_question/create: success=true,1,0,100
default,course_lesson/list: status is 200,1,0,100
default,course_lesson/list: newly created lesson is retrievable,1,0,100
default,course_lesson/list: lesson has the quiz attached,1,0,100
default,course_materials/module: status is 200,1,0,100
default,course_materials/lesson: status is 200,1,0,100
default,quiz/list: status is 200,1,0,100
default,quiz/list: newly created quiz is retrievable,1,0,100
default,create_customer/negative_duplicate_portal_name: status is 400/409,1,0,100
default,create_customer/negative_duplicate_portal_name: never a 5xx (server did not crash),1,0,100
default,list_customers/verify_after_create: status is 200,1,0,100
default,list_customers/verify_after_create: success=true,1,0,100
default,list_customers/verify_after_create: never a 5xx (server did not crash),1,0,100
default,list_customers/page_zero: never a 5xx (server did not crash),1,0,100
default,list_customers/limit_zero: never a 5xx (server did not crash),1,0,100
default,list_customers/huge_limit: never a 5xx (server did not crash),1,0,100
default,list_customers/negative_page: never a 5xx (server did not crash),1,0,100
default,list_customers/negative_limit: never a 5xx (server did not crash),0,1,0
default,list_customers/non_numeric: never a 5xx (server did not crash),1,0,100
default,list_customers/search_sql_injection: never a 5xx (server did not crash),1,0,100
default,list_customers/invalid_boolean: never a 5xx (server did not crash),1,0,100
default,get_customer/unauthenticated: status is 401,1,0,100
default,get_customer/unauthenticated: never a 5xx (server did not crash),1,0,100
default,get_customer/tampered_token: status is 401,1,0,100
default,get_customer/tampered_token: never a 5xx (server did not crash),1,0,100
default,get_customer/hardcoded: status is 200,1,0,100
default,get_customer/hardcoded: success=true,1,0,100
default,get_customer/hardcoded: never a 5xx (server did not crash),1,0,100
default,theme_settings/adminProfilePicture: has data.customer.themeSettings.adminProfilePicture,1,0,100
default,theme_settings/bgImage: has data.customer.themeSettings.bgImage,1,0,100
default,theme_settings/loginPageLogo: has data.customer.themeSettings.loginPageLogo,1,0,100
default,theme_settings/sidebarNavigationLogo: has data.customer.themeSettings.sidebarNavigationLogo,1,0,100
default,theme_settings/favIcon: has data.customer.themeSettings.favIcon,1,0,100
default,theme_settings/welcomeImage: has data.customer.themeSettings.welcomeImage,1,0,100
default,theme_settings/emailLogo: has data.customer.themeSettings.emailLogo,1,0,100
default,theme_settings: portal image values are not duplicated across fields,1,0,100
default,all_tenants/list: status is 200,1,0,100
default,all_tenants/list: never a 5xx (server did not crash),1,0,100
default,user_badges/list: status is 200,0,1,0
default,user_badges/list: success=true,0,1,0
default,user_badges/list: never a 5xx (server did not crash),1,0,100
default,theme_settings/own: status is 200,0,1,0
default,theme_settings/own: success=true,0,1,0
default,theme_settings/own: never a 5xx (server did not crash),1,0,100
default,theme_settings/update_hardcoded: status is 200,0,1,0
default,theme_settings/update_hardcoded: success=true,0,1,0
default,theme_settings/update_hardcoded: never a 5xx (server did not crash),1,0,100
default,get_customer/nonexistent_id: status is 404,1,0,100
default,get_customer/nonexistent_id: never a 5xx (server did not crash),1,0,100
default,get_customer/malformed_id: status is 400/404,1,0,100
default,get_customer/malformed_id: never a 5xx (server did not crash),1,0,100
default,theme_settings/invalid_color: status is 400/422,0,1,0
default,theme_settings/invalid_color: never a 5xx (server did not crash),1,0,100
default,theme_settings/nonexistent_id: status is 404,1,0,100
default,theme_settings/nonexistent_id: never a 5xx (server did not crash),1,0,100
default,change_status/nonexistent_id: status is 400/404,1,0,100
default,change_status/nonexistent_id: never a 5xx (server did not crash),1,0,100
default,verify_customer/nonexistent_id: status is 400/404,1,0,100
default,verify_customer/nonexistent_id: never a 5xx (server did not crash),1,0,100
